wavelength_nm,x_min,x_max,x_at_Smax,theta_at_Smax_deg,Smax,S_at_back
400.0,0.0005814837773920431,11.629675552686562,7.249201433290801,77.12039198099119,4.552343030350075,0.8753721031746113
450.0,0.0005137944651054016,10.27588930638965,7.249175840838642,89.73260312167528,4.552348116671737,0.47478094300710516
500.0,0.0004605146410188844,9.210292824215308,7.247218020003267,103.78620982129469,4.55262225688879,0.7146470253404269
550.0,0.00041740941490705136,8.348188301619437,7.242902576729719,120.36225874905095,4.552422625581249,0.9061522777586518
600.0000000000001,0.0003817796131558419,7.635592266298334,7.246163921505652,143.24441324714923,4.552675719124548,2.498554337069208
650.0,0.00035181461711717143,7.036292345275217,7.036292345275217,180.0,3.466251630274188,3.466251630274188
700.0000000000001,0.0003262506412738224,6.525012828195203,6.525012828195203,180.0,0.8289547818936791,0.8289547818936791
750.0,0.0003041769380218764,6.083538762972335,6.083538762972335,180.0,0.31556864027886145,0.31556864027886145
800.0,0.0002849196286557629,5.698392575489588,0.0002849196286557629,0.005729577951308232,0.19302798641408092,0.16610537687978488
