wavelength_nm,x_min,x_max,x_at_Smax,theta_at_Smax_deg,Smax,S_at_back
400.0,0.0005814837773920431,11.629675552686562,7.249201433290801,77.12039198099119,4.76388592818029,0.841002221722968
450.0,0.0005137944651054016,10.27588930638965,7.260618208350685,89.9127775665422,4.764681806525049,0.43923848996334336
500.0,0.0004605146410188844,9.210292824215308,7.256146043808062,103.96638426616161,4.765436358064577,0.4487358199121382
550.0,0.00041740941490705136,8.348188301619437,7.2559208183010835,120.72260763878477,4.76543813063841,0.7798251295139479
600.0000000000001,0.0003817796131558419,7.635592266298334,7.257438673800418,143.78493658174997,4.7653589026837935,2.5323443731888595
650.0,0.00035181461711717143,7.036292345275217,7.036292345275217,180.0,3.456340391399595,3.456340391399595
700.0000000000001,0.0003262506412738224,6.525012828195203,6.525012828195203,180.0,0.7910791322700632,0.7910791322700632
750.0,0.0003041769380218764,6.083538762972335,6.083538762972335,180.0,0.30221164480971774,0.30221164480971774
800.0,0.0002849196286557629,5.698392575489588,0.0002849196286557629,0.005729577951308232,0.19360062342820739,0.15985948814839912
